/a-list-outreach/	/services/
/aacc/	/case-studies/
/aafmaa-1/	https://chrisabraham.com/clients/aafmaa
/aafmaa/	https://chrisabraham.com/clients/aafmaa
/about	/about/
/ada-website-compliance	/guides/ada-website-compliance/
/alzheimers-association-case-study/	/case-studies/
/alzheimers-association/	/case-studies/
/andrew-curry/	/case-studies/
/apartment-keepers/	https://chrisabraham.com/clients/apartment-keeper
/apnf/	/case-studies/
/aruba/	/case-studies/
/audienti/	/case-studies/
/bc-testimonial/	https://chrisabraham.com/testimonials
/beech-nut/	https://chrisabraham.com/clients/beech-nut
/blog	https://chrisabraham.com/blog
/blog-management/	/services/ongoing-support/
/blog/	https://chrisabraham.com/blog
/blog/2014/5/29/people-are-already-talking-about-you-online	https://chrisabraham.com/blog
/blog/2014/6/11/always-bring-something-to-the-party	https://chrisabraham.com/blog
/blog/2014/6/11/blog-content-creation-system-services	https://chrisabraham.com/blog
/blog/2014/6/11/brand-ambassadorship-requires-authenticity	https://chrisabraham.com/blog
/blog/2014/6/11/campaigns-must-evolve-with-the-internet	https://chrisabraham.com/blog
/blog/2014/6/11/corporate-blogging-and-the-corporate-blog	https://chrisabraham.com/blog
/blog/2014/6/11/dont-be-seduced-by-the-lure-of-astroturfing	https://chrisabraham.com/blog
/blog/2014/6/11/influence-the-influencers	https://chrisabraham.com/blog
/blog/2014/6/11/markets-are-conversation	https://chrisabraham.com/blog
/blog/2014/6/11/online-community-engagement	https://chrisabraham.com/blog
/blog/2014/6/11/online-community-involvement-and-becoming-a-respected-hero-online	https://chrisabraham.com/blog
/blog/2014/6/11/position-your-key-staff-as-experts-in-their-field-online	https://chrisabraham.com/blog
/blog/2014/6/11/the-internet-is-vastly-hugely-mind-boggingly-big	https://chrisabraham.com/blog
/blog/2014/6/11/the-powerful-seo-benefits-of-blogger-pr-outreach	https://chrisabraham.com/blog
/blog/2014/6/2/about-gerris	https://chrisabraham.com/blog
/blog/2014/6/2/activating-bloggers	https://chrisabraham.com/blog
/blog/2014/6/2/blog-community-outreach	https://chrisabraham.com/blog/blog-community-outreach
/blog/2014/6/2/blog-messaging-and-counter-messaging	https://chrisabraham.com/blog/blog-messaging-and-counter-messaging
/blog/2014/6/2/blogger-outreach	https://chrisabraham.com/blog
/blog/2014/6/2/blogger-relations	https://chrisabraham.com/blog
/blog/2014/6/2/blogger-relations-br-services	https://chrisabraham.com/blog
/blog/2014/6/2/defensive-search-engine-optimization	https://chrisabraham.com/blog
/blog/2014/6/2/domain-name-protection	https://chrisabraham.com/blog
/blog/2014/6/2/domain-name-registration-strategy	https://chrisabraham.com/blog
/blog/2014/6/2/domain-name-strategy	https://chrisabraham.com/blog
/blog/2014/6/2/gerris-offerings	https://chrisabraham.com/blog
/blog/2014/6/2/gerris-products-and-services	https://chrisabraham.com/blog
/blog/2014/6/2/gift-and-asset-distribution	https://chrisabraham.com/blog
/blog/2014/6/2/how-gerris-does-business	https://chrisabraham.com/blog
/blog/2014/6/2/influencer-identification	https://chrisabraham.com/blog
/blog/2014/6/2/initial-online-audit	https://chrisabraham.com/blog
/blog/2014/6/2/message-creation	https://chrisabraham.com/blog
/blog/2014/6/2/online-advocacy	https://chrisabraham.com/blog
/blog/2014/6/2/online-advocacy-1	https://chrisabraham.com/blog
/blog/2014/6/2/online-buzz-and-viral-marketing	https://chrisabraham.com/blog
/blog/2014/6/2/online-community-outreach	https://chrisabraham.com/blog
/blog/2014/6/2/online-crisis-response-and-management	https://chrisabraham.com/blog
/blog/2014/6/2/online-marketing-and-new-marketing	https://chrisabraham.com/blog
/blog/2014/6/2/online-outreach	https://chrisabraham.com/blog
/blog/2014/6/2/online-outreach-and-online-engagement	https://chrisabraham.com/blog
/blog/2014/6/2/online-publicity	https://chrisabraham.com/blog
/blog/2014/6/2/online-universe-creation	https://chrisabraham.com/blog
/blog/2014/6/2/publicity-and-corporate-blogs	https://chrisabraham.com/blog
/blog/2014/6/2/reciprocal-linking	https://chrisabraham.com/blog
/blog/2014/6/2/rss-feed-and-syndication-strategy	https://chrisabraham.com/blog
/blog/2014/6/2/search-engine-brand-protection	https://chrisabraham.com/blog
/blog/2014/6/2/search-engine-optimization-seo	https://chrisabraham.com/blog
/blog/2014/6/2/social-bookmarking-strategy	https://chrisabraham.com/blog/social-bookmarking-strategy
/blog/2014/6/2/social-media-training	https://chrisabraham.com/blog
/blog/2014/6/2/talk-like-the-locals	https://chrisabraham.com/blog
/blog/2014/6/2/the-blogroll	https://chrisabraham.com/blog
/blog/2014/6/2/tracking-online-conversation	https://chrisabraham.com/blog
/blog/2014/6/2/when-in-rome-do-as-the-romans-do	https://chrisabraham.com/blog/when-in-rome-do-as-the-romans-do
/blog/2014/6/2/wikipedia-and-wiki-promotional-strategy	https://chrisabraham.com/blog
/blog/2014/6/3/a-little-about-gerris-digital	https://chrisabraham.com/blog
/blog/2014/6/3/a-message-from-our-founder	https://chrisabraham.com/blog
/blog/2014/6/3/blogger-and-journalist-outreaches-for-earned-media-coverage	https://chrisabraham.com/blog
/blog/2014/6/3/broad-online-coverage-services	https://chrisabraham.com/blog
/blog/2014/6/3/experts-in-digital-public-relations	https://chrisabraham.com/blog
/blog/2014/6/3/facebook-page-creation-services	https://chrisabraham.com/blog
/blog/2014/6/3/guest-blogging-placement-services	https://chrisabraham.com/blog
/blog/2014/6/3/how-blogger-outreach-works	https://chrisabraham.com/blog
/blog/2014/6/3/journalist-blogger-outreaches-for-online-press-coverage	https://chrisabraham.com/blog
/blog/2014/6/3/leveraging-online-pr-to-build-your-brand	https://chrisabraham.com/blog
/blog/2014/6/3/list-of-social-network-services	https://chrisabraham.com/blog
/blog/2014/6/3/long-tail-earned-media-blogger-outreach	https://chrisabraham.com/blog
/blog/2014/6/3/multilingual-blogger-outreach-and-multicultural-digital-pr	https://chrisabraham.com/blog
/blog/2014/6/3/online-intelligence-metrics-and-reporting-services	https://chrisabraham.com/blog
/blog/2014/6/3/online-video-distribution-services	https://chrisabraham.com/blog
/blog/2014/6/3/podcasting-and-video-blogging-services	https://chrisabraham.com/blog
/blog/2014/6/3/some-gerris-blogger-and-blog-topics	https://chrisabraham.com/blog
/blog/2014/6/3/true-experts-in-digital-pr-not-just-old-media-pr-doing-an-add-on	https://chrisabraham.com/blog
/blog/2014/6/3/true-experts-in-online-digital-public-relations	https://chrisabraham.com/blog
/blog/2014/6/3/twitter-community-management-services	https://chrisabraham.com/blog
/blog/2014/6/3/who-we-are-and-what-we-do	https://chrisabraham.com/blog
/blog/2014/6/3/youtube-development-and-management-services	https://chrisabraham.com/blog
/blog/2014/6/4/chris-abraham-president-ceo-and-principal-consultant-at-gerris	https://chrisabraham.com/blog
/blog/2014/6/4/client-testimonials-for-chris-abraham-and-gerris	https://chrisabraham.com/blog
/blog/2014/6/4/direct-outreaches-to-companies-and-organizations-for-initiating-working-relationships	https://chrisabraham.com/blog
/blog/2014/6/4/earned-media-for-seo-and-profit	https://chrisabraham.com/blog
/blog/2014/6/4/gerris-digital-services	https://chrisabraham.com/blog
/blog/2014/6/4/gerris-twitter-services	https://chrisabraham.com/blog
/blog/2014/6/4/gerris-vision-statement	https://chrisabraham.com/blog
/blog/2014/6/4/grassroots-online-conversation-engagement	https://chrisabraham.com/blog
/blog/2014/6/4/online-business-intelligence	https://chrisabraham.com/blog
/blog/2014/6/4/online-grassroots-and-new-media-marketing	https://chrisabraham.com/blog
/blog/2014/6/4/online-publicity-services	https://chrisabraham.com/blog/online-publicity-services
/blog/2014/6/4/online-reputation-clean-up-and-defense	https://chrisabraham.com/blog
/blog/2014/6/4/online-reputation-management-defense-services	https://chrisabraham.com/orm/online-reputation-management-defense-services
/blog/2014/6/4/search-engine-services	https://chrisabraham.com/blog
/blog/2014/6/4/social-media-marketing	https://chrisabraham.com/blog
/blog/2014/6/4/twitter-promotion-and-engagement	https://chrisabraham.com/blog
/blog/2016/11/1/kimberly-clark-hires-gerris-corp-for-micro-influencer-marketing	https://chrisabraham.com/blog
/blog/2016/11/15/search-social-online-reputation-management	https://chrisabraham.com/blog/search-social-online-reputation-management
/blog/2016/11/15/skinny-and-company-coconut-oil-testimonial-1	https://chrisabraham.com/blog/skinny-and-company-coconut-oil-testimonial
/blog/2016/11/22/the-more-the-messier-for-content-marketing-seo-success	https://chrisabraham.com/blog
/blog/2016/11/30/what-content-to-blog-for-google-search-success	https://chrisabraham.com/blog/what-content-to-blog-for-google-search-success
/blog/2016/12/13/your-content-is-fake-news-so-collect-it-all-onto-your-own-content-platforms	https://chrisabraham.com/blog
/blog/2016/12/7/chris-abraham-joins-cindy-crescenzo-and-steve-farnsworth-on-fir-with-shel-holtz	https://chrisabraham.com/blog/chris-abraham-joins-cindy-crescenzo-steve-farnsworth-fir-shel-holtz
/blog/2016/12/7/search-isnt-about-search-anymore-its-about-social	https://chrisabraham.com/blog/search-isnt-about-search-anymore-its-about-social
/blog/2016/7/19/becoming-a-reddit-internet-sensation	https://chrisabraham.com/blog/becoming-a-reddit-internet-sensation
/blog/2016/7/19/earned-media-blogger-outreach-is-alive-and-well	https://chrisabraham.com/im/earned-media-blogger-outreach-is-alive-and-well
/blog/2016/7/19/if-you-blog-it-will-they-come	https://chrisabraham.com/blog
/blog/2016/7/19/kindness-opens-many-doors-online	https://chrisabraham.com/blog/kindness-opens-many-doors-online
/blog/2016/7/19/launch-your-social-campaign-with-guns-blazing	https://chrisabraham.com/smm/launching-your-social-campaign-with-guns-blazing
/blog/2016/7/19/laurel-strategies-expands-their-bench-of-expertise	https://chrisabraham.com/blog/laurel-strategies-expands-their-bench-of-expertise
/blog/2016/7/19/my-influencer-marketing-tools-of-the-trade	https://chrisabraham.com/im/influencer-marketing-tools-of-the-trade
/blog/2016/7/19/my-personal-coaching-session-with-stever-robbins	https://chrisabraham.com/blog/my-personal-coaching-session-with-stever-robbins
/blog/2016/7/19/outside-in-marketing-book-review	https://chrisabraham.com/blog/outside-in-marketing-book-review
/blog/2016/7/19/reduce-your-twitter-bloat-with-manageflitter-socialoomph-crowdfire	https://chrisabraham.com/smm/reduce-your-twitter-bloat-with-manageflitter-socialoomph-crowdfire
/blog/2016/7/19/restfulness-is-close-to-godliness	https://chrisabraham.com/blog/restfulness-is-close-to-godliness
/blog/2016/7/19/surefire-social-introduces-surepulse-webmaster-tools	https://chrisabraham.com/smm/surefire-social-introduces-surepulse-webmaster-tools
/blog/2016/7/19/your-team-is-the-best-content-source-for-search	https://chrisabraham.com/blog/your-team-is-the-best-content-source-for-search
/blog/2016/7/20/add-for-immediate-release-to-your-podcast-queue	https://chrisabraham.com/blog/add-for-immediate-release-to-your-podcast-queue
/blog/2016/7/20/audience-lab-is-a-secret-weapon-for-political-advertisers	https://chrisabraham.com/blog/audience-lab-is-a-secret-weapon-for-political-advertisers
/blog/2016/7/20/audienti-merges-seo-advertising-and-influencer-engagement-services	https://chrisabraham.com/im/audienti-merges-seo-advertising-and-influencer-engagement-services
/blog/2016/7/20/biznology-in-the-2016-online-community-influencer-index	https://chrisabraham.com/blog
/blog/2016/7/20/build-a-page-and-profile-for-absolutely-everything	https://chrisabraham.com/blog/build-a-page-and-profile-for-absolutely-everything
/blog/2016/7/20/guest-panelist-on-fir	https://chrisabraham.com/blog/guest-panelist-on-fir-podcast
/blog/2016/7/20/how-to-prune-your-twitter-following	https://chrisabraham.com/blog/how-to-prune-your-twitter-following
/blog/2016/7/20/in-praise-of-social-media-mediocrity	https://chrisabraham.com/smm/in-praise-of-social-media-mediocrity
/blog/2016/7/20/influencer-marketing-should-not-be-about-collecting-influencers	https://chrisabraham.com/im/influencer-marketing-should-not-be-about-collecting-influencers
/blog/2016/7/20/influencer-outreach-is-more-pr-than-marketing-or-advertising	https://chrisabraham.com/im/influencer-outreach-is-more-pr-than-marketing-or-advertising
/blog/2016/7/20/nice-mention-in-gaggleamp-the-secret-weapon-of-online-influence	https://chrisabraham.com/blog
/blog/2016/7/20/soci-allows-me-to-load-up-on-topical-social-content-and-then-let-go	https://chrisabraham.com/smm/soci-allows-me-to-load-up-on-topical-social-content-and-then-let-go
/blog/2016/7/20/take-your-bloggers-and-social-media-influencers-to-lunch	https://chrisabraham.com/smm/take-your-bloggers-and-social-media-influencers-to-lunch
/blog/2016/7/20/the-business-of-reviews-and-search-for-small-hotels-and-restaurants	https://chrisabraham.com/blog/the-business-of-reviews-and-search-and-for-small-hotels-and-restaurants
/blog/2016/7/20/the-quantum-mechanics-of-blogger-outreach	https://chrisabraham.com/im/the-quantum-mechanics-of-blogger-outreach
/blog/2016/7/20/the-state-of-the-blogger-outreach-union-ten-years-on	https://chrisabraham.com/blog
/blog/2016/7/20/unique-locations-deserve-unique-profiles	https://chrisabraham.com/blog
/blog/2016/7/20/use-instagram-as-the-starting-point-to-promote-your-business-online	https://chrisabraham.com/blog/use-instagram-as-the-starting-point-to-promote-your-business-online
/blog/2016/7/20/why-9round-should-be-using-soci-for-social-media-management	https://chrisabraham.com/smm/why-9round-should-be-using-soci-for-social-media-management
/blog/2016/8/10/skinny-co-influencer-reviews-round-two	https://chrisabraham.com/im/skinny-and-co-influencer-reviews-round-two
/blog/2016/8/15/blog2social-removes-social-sharing-pain	https://chrisabraham.com/smm/blog2social-removes-all-social-sharing-pain
/blog/2016/8/16/influencer-marketing-is-1-inspiration-99-perspiration	https://chrisabraham.com/blog
/blog/2016/8/2/janet-thaeler-maryanne-conlin-on-influencer-marketing	https://chrisabraham.com/im/janet-thaeler-maryanne-conlin-influencer-marketing
/blog/2016/8/23/its-normal-to-be-bad-before-youre-good	https://chrisabraham.com/blog/its-normal-to-be-bad-before-youre-good
/blog/2016/8/24/aloha-from-the-tail-end-of-summer-from-chris-abraham	https://chrisabraham.com/blog
/blog/2016/8/24/thank-you-skinny-coconut-oil-influencers-round-3	https://chrisabraham.com/im/thank-you-skinny-coconut-oil-influencers-round-3
/blog/2016/8/31/thank-you-skinny-co-bloggers	https://chrisabraham.com/im/thank-you-skinny-and-co-bloggers
/blog/2016/8/4/thank-you-first-wave-skinny-co-influencers	https://chrisabraham.com/blog
/blog/2016/9/20/final-thank-you-to-skinny-co-coconut-oil-online-influencers	https://chrisabraham.com/im/final-thank-you-to-skinny-coconut-oil-online-influencers
/blog/2016/9/7/always-be-selling-to-your-own-network	https://chrisabraham.com/blog
/blog/2017/10/24/reclaim-your-linkedin-connections-as-contact-emails-via-download-your-data	https://chrisabraham.com/blog/reclaim-your-linkedin-connections-as-contact-emails-via-download-your-data
/blog/2017/11/20/why-is-gerris-corp-called-gerris	https://chrisabraham.com/blog
/blog/2017/12/27/crypterium-makes-spending-bitcoin-apple-pay-easy	https://chrisabraham.com/blog
/blog/2017/5/16/five-social-media-marketing-courses-make-one-social-media-strategy-meal	https://chrisabraham.com/smm/five-social-media-courses-make-one-social-media-strategy-meal
/blog/2017/5/2/earned-media-micro-influencer-marketing-primer	https://chrisabraham.com/im/earned-media-micro-influencer-marketing-primer
/blog/2017/5/23/be-kind-for-everyone-you-meet-is-fighting-a-hard-battle	https://chrisabraham.com/blog
/blog/2017/5/30/the-salesmanship-of-influencer-marketing	https://chrisabraham.com/im/salesmanship-influencer-marketing
/blog/2017/6/20/your-online-reputation-on-google-is-the-direct-result-of-the-content-you-write-on-your-website-your-blogs-and-on-social-media-over-time	https://chrisabraham.com/orm/your-online-reputation-on-google-is-the-direct-result-of-the-content-you-write-on-your-website-your-blogs-and-on-social-media-over-time
/blog/2017/6/27/slow-and-steady-content-creation-wins-the-google-search-race	https://chrisabraham.com/blog/slow-and-steady-content-creation-wins-the-google-search-race
/blog/2017/7/11/patchwork-quilt-stitch-your-marketing-website-tightly-together-using-internal-links-and-navigation-every-page-is-sacred-every-page-is-great-if-a-page-is-wasted-google-gets-quite-irate	https://chrisabraham.com/blog/patchwork-quilt-stitch-your-marketing-website-tightly-together-using-internal-links-and-navigation-every-page-is-sacred-every-page-is-great-if-a-page-is-wasted-google-gets-quite-irate
/blog/2017/7/18/knock-three-times-on-the-ceiling-if-you-want-me-or-what-tony-orlando-dawn-taught-me-about-online-marketing	https://chrisabraham.com/blog/knock-three-times-on-the-ceiling-if-you-want-me-or-what-tony-orlando-and-dawn-taught-me-about-online-marketing
/blog/2017/7/4/tone-its-not-what-you-say-its-what-people-hear	https://chrisabraham.com/blog/tone-its-not-what-you-say-its-what-people-hear
/blog/2017/8/15/improve-your-google-search-results-right-now	https://chrisabraham.com/blog
/blog/2017/8/19/promote-your-book-with-influencer-marketing	https://chrisabraham.com/im/promote-your-book-with-influencer-marketing
/blog/2017/8/2/make-your-tweets-beautiful-with-the-twitter-cards-validator	https://chrisabraham.com/blog
/blog/2017/8/2/the-facebook-sharing-debugger-is-an-essential-content-marketing-tool	https://chrisabraham.com/blog/facebook-sharing-debugger-essential-content-marketing-tool
/blog/2017/8/20/detailed-analysis-of-the-perfect-blogger-pitch	https://chrisabraham.com/blog
/blog/2017/8/20/influencer-outreach-is-more-pr-than-social-media	https://chrisabraham.com/im/influencer-outreach-is-more-pr-than-social-media
/blog/2017/8/20/turn-your-website-into-your-social-media-brand-hq	https://chrisabraham.com/smm/turn-your-website-into-your-social-media-brand-hq
/blog/2017/8/20/why-are-you-so-afraid-of-engaging-online-influencers	https://chrisabraham.com/blog
/blog/2017/8/20/why-your-keywords-suck-and-are-outdated	https://chrisabraham.com/blog
/blog/2017/8/21/how-not-to-pitch-an-online-influencer	https://chrisabraham.com/im/how-not-to-pitch-an-influencer
/blog/2017/8/21/influencer-marketing-persistence-is-fertile	https://chrisabraham.com/im/influencer-marketing-persistence-is-fertile
/blog/2017/8/23/all-the-webmaster-seo-tools-on-semrush	https://chrisabraham.com/blog
/blog/2017/8/30/stop-flying-blind-with-semrush-website-insights	https://chrisabraham.com/blog
/blog/2017/9/12/publish-first-then-edit-and-revise-for-google-search-success	https://chrisabraham.com/blog/blog-and-publish-first-then-edit-and-revise-for-google-search-success
/blog/2017/9/20/backfill-your-corporate-history-onto-your-blog-for-google	https://chrisabraham.com/blog/backfill-your-corporate-history-onto-your-blog-for-google
/blog/2017/9/6/reddit-is-rolling-out-new-user-profile-and-moderation-features	https://chrisabraham.com/blog/reddit-rolling-new-user-profile-moderation-features
/blog/2019/7/8/gerris-corp-proud-to-support-purple-project-for-democracy-with-pro-bono-services	https://chrisabraham.com/blog/gerris-corp-proud-to-support-purple-project-for-democracy-with-pro-bono-services
/blog/2020/3/1/gerris-working-with-spartan-race-to-launch-dekafit-with-influencer-marketing	https://chrisabraham.com/blog/gerris-working-with-spartan-race-to-launch-dekafit-with-influencer-marketing
/blog/category/About+Gerris	https://chrisabraham.com/blog
/blog/category/About+Gerris+Corp	https://chrisabraham.com/blog
/blog/category/Blogging	https://chrisabraham.com/blog
/blog/category/Client+Work	https://chrisabraham.com/blog
/blog/category/Content+Marketing	https://chrisabraham.com/blog
/blog/category/Gerris+services	https://chrisabraham.com/blog
/blog/category/Google+Search	https://chrisabraham.com/blog
/blog/category/Influencer+Marketing	https://chrisabraham.com/blog
/blog/category/Online+Conversation	https://chrisabraham.com/blog
/blog/category/Online+Marketing	https://chrisabraham.com/blog
/blog/category/Podcasts	https://chrisabraham.com/blog
/blog/category/Pro+Bono	https://chrisabraham.com/blog
/blog/category/Pro-Bono	https://chrisabraham.com/blog
/blog/category/Public+Relations	https://chrisabraham.com/blog
/blog/category/Purple+for+Democry	https://chrisabraham.com/blog
/blog/category/Reputation+Management	https://chrisabraham.com/blog
/blog/category/SEO	https://chrisabraham.com/blog
/blog/category/Search+Marketing	https://chrisabraham.com/blog
/blog/category/Social+Media+Marketing	https://chrisabraham.com/blog
/blog/category/Social+Media+Strategy	https://chrisabraham.com/blog
/blog/category/Thank+You+Influencers	https://chrisabraham.com/blog
/blog/feliz-cinco-de-mayo-de-dan-chris-y-gerris	https://chrisabraham.com/blog
/blog/happy-holidays-and-happy-new-year-from-dan-and-chris	https://chrisabraham.com/blog/happy-holidays-and-happy-new-year-from-dan-and-chris
/blog/happy-international-womens-day-from-your-friends-at-gerris	https://chrisabraham.com/blog
/blog/happy-spring-to-you-from-dan-and-chris-at-gerris	https://chrisabraham.com/blog/happy-spring-to-you-from-dan-and-chris-at-gerris
/blog/happy-thanksgiving-from-dan-and-chris	https://chrisabraham.com/blog
/blog/happy-thanksgiving-from-your-friends-at-gerris	https://chrisabraham.com/blog
/blog/jon-purizhansky-made-a-black-swan-in-joblio	https://chrisabraham.com/blog
/blog/online-reputation-management-orm-and-online-perception-marketing-opm-with-gerris	https://chrisabraham.com/blog
/blog/pul3e-woman-led-nft-to-battle-heart-failure	https://chrisabraham.com/blog
/blog/whats-earned-media-micro-influencer-marketing	https://chrisabraham.com/blog/what-earned-media-micro-influencer-marketing-is
/blogger-outreach	https://chrisabraham.com/blog
/bluetext/	/case-studies/
/brandsclub-case-study/	https://chrisabraham.com/case-studies/brandsclub-case-study
/brandsclub/	https://chrisabraham.com/clients/brandsclub
/caliburger/	https://chrisabraham.com/clients/caliburger
/capital-media-group/	/case-studies/
/carousel30/	/case-studies/
/case-studies	/case-studies/
/case-studies/alzheimers-association	/
/chris-abraham/	/about/
/cit-energy/	https://chrisabraham.com/clients/cit-energy
/city-creek-center/	https://chrisabraham.com/clients/city-creek-center
/clickagy-1/	https://chrisabraham.com/clients/clickagy
/clickagy/	https://chrisabraham.com/clients/clickagy
/clients	/case-studies/
/cliqueme/	https://chrisabraham.com/clients/cliqueme
/cms-site-management-services	/services/ongoing-support/
/cokey-falkow/	/case-studies/
/contact	/contact/
/content-marketing-services/	/services/on-page-seo/
/content-marketing/	/services/on-page-seo/
/content/chris-abraham-digital-strategist	https://chrisabraham.com/blog
/content/how-block-application-and-event-invitations-specific-users-facebook	https://chrisabraham.com/blog
/content/journalist-outreach	https://chrisabraham.com/blog
/content/november-2009-facebook-data-and-gender	https://chrisabraham.com/blog
/content/online-reputation-management-orm	https://chrisabraham.com/blog
/content/products	https://chrisabraham.com/blog
/content/seo-benefits-blogger-outreach-and-earned-media	https://chrisabraham.com/blog
/content/seo-benefits-blogger-outreach-and-earned-online-media	https://chrisabraham.com/blog
/content/services-offered-gerris-digital	https://chrisabraham.com/blog
/cruiseable-1/	https://chrisabraham.com/clients/cruiseable
/cruiseable/	https://chrisabraham.com/clients/cruiseable
/dan-krueger/	/about/
/dcbia/	/case-studies/
/digital-and-internet-forensics-services	/services/reputation/
/earnedmedia-marketing/	/services/
/ebsi/	/case-studies/
/eric-goldste/	/case-studies/
/eric-goldstein-design/	/case-studies/
/facebook-services/	/services/
/faf-testimonial/	/case-studies/
/fay-m-johnson/	/case-studies/
/feeln/	/case-studies/
/financial-services-reputation-defense-case-study/	/services/reputation/
/firebrand-1/	https://chrisabraham.com/clients/firebrand
/firebrand-case-study/	/services/
/firebrand/	https://chrisabraham.com/clients/firebrand
/fotolia-case-study/	https://chrisabraham.com/case-studies/fotolia-case-study
/fotolia/	/case-studies/
/francois-baird-testimonial/	/case-studies/
/fresh-air-fund-case-study/	https://chrisabraham.com/case-studies/fresh-air-fund-case-study
/gaggleamp/	/case-studies/
/gdit/	/case-studies/
/gerris	/about/
/gerris-internships	/about/
/gidg-testimonial/	/case-studies/
/goethe-institut-case-doc/	/case-studies/
/goethe-institut/	https://chrisabraham.com/clients/goethe-institut
/goodwill-industries-international/	/case-studies/
/goodwill/	https://chrisabraham.com/clients/goodwill
/greenpeace/	/case-studies/
/grouphigh/	/case-studies/
/habitat-for-humanity-case-study/	/case-studies/
/habitat-for-humanity/	https://chrisabraham.com/clients/habitat-for-humanity
/halyard-health/	https://chrisabraham.com/clients/halyard-health
/hfh-testimonial/	/case-studies/
/home	/
/home-shopping-network/	https://chrisabraham.com/clients/home-shopping-network-games
/i-com/	/case-studies/
/icre8t-results/	/case-studies/
/ific-1/	/case-studies/
/ific/	/case-studies/
/imc-testimonial/	/case-studies/
/inbound-marketing/	/services/on-page-seo/
/influencer-marketing/	/services/
/influencer-outreach/	/services/
/inkybee/	/case-studies/
/insights/	/guides/
/international-medical-corps-case-study/	https://chrisabraham.com/case-studies/international-medical-corps-imc-case-study
/international-medical-corps/	https://chrisabraham.com/clients/international-medical-corps-imc
/internet-forensics/	/services/reputation/
/internet-law-center/	/case-studies/
/janet-thaeler/	https://chrisabraham.com/partners/janet-thaeler
/jenny-morgenthau-testimonial/	/case-studies/
/jerry-white-case-study/	/case-studies/
/juan-vides/	/case-studies/
/kchc-testimonial/	/case-studies/
/kcsa/	/case-studies/
/kids-ii/	/case-studies/
/kimberly-clark-hai-case-study/	/case-studies/
/kimberly-clark/	https://chrisabraham.com/clients/kimberly-clark
/lab-tests-online/	/case-studies/
/lateen-magazine-case-study	/case-studies/
/lendingpoint/	/case-studies/
/levick/	/case-studies/
/long-tail-outreach/	/services/
/mark-del-bianco/	/case-studies/
/mark-harrison/	/about/
/mb-testimonial/	https://chrisabraham.com/testimonials
/memetic-engineering-services	/services/
/meritus-media/	/case-studies/
/message-board-marketing/	/services/
/micro-influencer-outreach	/services/
/microinfluencer-marketing/	/services/
/mike-falkow/	/case-studies/
/mike-moran-group-1/	https://chrisabraham.com/clients/mike-moran-group
/mike-moran-group/	https://chrisabraham.com/clients/mike-moran-group
/mike-moran/	/case-studies/
/miriams-kitchen/	/case-studies/
/mitel/	https://chrisabraham.com/clients/mitel
/mitsubishi/	https://chrisabraham.com/clients/mitsubishi
/mizuno-case-studies	/case-studies/
/mizuno-mezamashii-project-case-study/	https://chrisabraham.com/case-studies/mizuno-mezamashii-run-project-case-study
/mizuno-running-mezamashii-case-study/	/case-studies/
/mizuno-volleyball/	/case-studies/
/mizuno/	/case-studies/
/mk-testimonial/	https://chrisabraham.com/testimonials
/movie-producer-reputation-defense-case-study/	/services/reputation/
/multilingual-capabilities/	/services/
/my-oovoo-day-case-study	/case-studies/
/national-association-of-home-builders/	https://chrisabraham.com/clients/the-national-association-of-home-builders-nahb
/national-environmental-trust-case-study/	/case-studies/
/new-york-kids-club-case-study	/case-studies/
/newconomymedia	/case-studies/
/nowsourcing/	/case-studies/
/ny-kids-club/	https://chrisabraham.com/clients/ny-kids-club
/olx-case-study/	https://chrisabraham.com/case-studies/olx-case-study
/olx-testimonial/	/case-studies/
/olx/	/case-studies/
/omalab/	/case-studies/
/online-book-promotion/	/services/
/online-brand-amplification/	/services/
/online-brand-promotion-services	/services/
/online-community-building-services	/services/
/online-community-management/	/services/
/online-identity-management/	/services/reputation/
/online-perception-management	/services/reputation/
/online-publication-management-services	/services/ongoing-support/
/online-reputation-case-study	/services/reputation/
/online-reputation-management/	/services/reputation/
/oovoo-case-study	/case-studies/
/oovoo/	https://chrisabraham.com/clients/oovoo
/partners	/services/agency-partner/
/partnership-network	/services/agency-partner/
/paul-barrett/	/case-studies/
/paul-m-barrett/	/case-studies/
/pearson/	/case-studies/
/petsmart-charities-1/	https://chrisabraham.com/clients/petsmart-charities
/petsmart-charities/	https://chrisabraham.com/clients/petsmart-charities
/phillip-rhoades/	/case-studies/
/podcast	https://chrisabraham.com/thechrisabrahamshow
/podcast/2019/6/12/test-episode-000-a-brief-spotty-and-incomplete-history-of-influencer-marketing	https://chrisabraham.com/thechrisabrahamshow
/podcast/2019/6/19/gerriscast-episode-1-influencermarketing-brandpromotion-and-public-relations-pr	https://chrisabraham.com/thechrisabrahamshow
/podcast/2019/6/26/gerriscast-episode-2-what-is-influencer-marketing	https://chrisabraham.com/thechrisabrahamshow
/podcast/2019/6/9/episode-0-of-gerriscast-podcast-by-gerris-corp-with-chris-abraham	https://chrisabraham.com/thechrisabrahamshow
/podcast/2019/6/9/gerriscast-episode-00-partial-origin-story-of-chris-abraham	https://chrisabraham.com/thechrisabrahamshow
/podcast/2019/7/10/gerriscast-episode-3-what-you-need-to-know-about-online-reputation-management-orm	https://chrisabraham.com/thechrisabrahamshow/gerriscast-episode-3-what-you-need-to-know-about-online-reputation-management-orm
/powerocks/	/case-studies/
/price-benowitz-llp/	/case-studies/
/pricebenowitz/	/case-studies/
/purina/	https://chrisabraham.com/clients/purina
/red-ropes-digital/	/case-studies/
/reddit-iama-management-services	/services/
/reebok-spartan-race/	https://chrisabraham.com/clients/reebok-spartan-race
/reputationcom/	/services/reputation/
/sage-1/	/case-studies/
/sage-50/	/case-studies/
/sage-software/	/case-studies/
/sage/	/case-studies/
/salesfusion/	/case-studies/
/sally-falkow/	/case-studies/
/sdl-sm2/	/case-studies/
/seo-audit/	/services/technical-seo/
/sergey-krayev	https://chrisabraham.com/partners/sergey-krayev
/sergeykrayev	https://chrisabraham.com/partners/sergey-krayev
/services	/services/
/shari-leventhal-testimonial/	/case-studies/
/sharp-1/	https://chrisabraham.com/clients/sharp
/sharp/	https://chrisabraham.com/clients/sharp
/skinny-and-company-coconut-oil-testimonial/	https://chrisabraham.com/blog/skinny-and-company-coconut-oil-testimonial
/skinny-co-case-study	https://chrisabraham.com/case-studies/skinny-co-case-study
/smuckers-1/	https://chrisabraham.com/clients/smuckers
/smuckers/	https://chrisabraham.com/clients/smuckers
/snapple-anti-oxidant-water-case-study/	https://chrisabraham.com/case-studies/snapple-antioxidant-water-case-study
/snapple/	https://chrisabraham.com/clients/snapple
/snikiddy/	https://chrisabraham.com/clients/snikiddy
/snuggle-case-study/	/case-studies/
/snuggle-creme/	https://chrisabraham.com/clients/snuggle-creme
/social-engineering-services	/services/
/social-media-audit/	/services/ai-search/
/social-media-automation-services	/services/
/social-media-development-services	/services/
/social-media-management-services	/services/
/social-media-marketing-services	/services/
/social-media-marketing/	/services/
/social-media-monitoring/	/services/
/social-media-planning-and-calendaring-strategy-services	/services/
/social-media-promotion-services	/services/
/social-media-services	/services/
/social-media-strategy/	/services/
/status-labs/	/services/reputation/
/stever-robbins-case-study/	/case-studies/
/stever-robbins/	https://chrisabraham.com/clients/stever-robbins
/stock-touch/	https://chrisabraham.com/clients/stock-touch
/stocktouch-testimonial/	/case-studies/
/stokefire/	/case-studies/
/strayer/	https://chrisabraham.com/clients/strayer
/surefire-social/	/case-studies/
/surepulse/	/case-studies/
/survivor-corps-case-study/	/case-studies/
/survivor-corps/	https://chrisabraham.com/clients/survivor-corps
/tate-linden/	/case-studies/
/tb12sports	/case-studies/
/team/	/about/
/techacs-1/	https://chrisabraham.com/partners/techacs
/techacs/	https://chrisabraham.com/partners/techacs
/ted-lederer	/case-studies/
/testimonials	/case-studies/
/testinonials/	/case-studies/
/the-daily-case-study/	/case-studies/
/the-daily/	https://chrisabraham.com/clients/the-daily
/the-fresh-air-fund/	https://chrisabraham.com/clients/fresh-air-fund
/the-social-studies-group/	https://chrisabraham.com/partners/the-social-studies-group
/the-yu-crew/	/case-studies/
/tom-donnelly	https://chrisabraham.com/partners/tom-donnelly
/traackr/	/case-studies/
/training-consulting/	/services/advisory/
/twitter-services/	/services/
/unison/	/case-studies/
/united-states-olympic-committee/	/case-studies/
/unity-productions-foundation/	https://chrisabraham.com/clients/unity-productions-foundation-upf
/upf-case-study/	/case-studies/
/upf/	/case-studies/
/usoc-case-study/	/case-studies/
/video-and-digital-animation	/services/
/wells-fargo/	https://chrisabraham.com/clients/wells-fargo
/what-we-do	/services/
/white64/	/case-studies/
/who-we-are	/about/
/wikipedia-management/	/services/reputation/
/wikipedia-specialist-consulting-services	/services/reputation/
/xyience/	/case-studies/
